{
  "TemplateImage": "1.jpg",
  "LastMeterIndex": 3,
  "Meters": [
    {
      "Index": 1,
      "X": 932.3384410393071,
      "Y": 2700.1345769487007,
      "Width": 456.655562958028,
      "Height": 446.507661558961,
      "MeterType": "压力表",
      "Color": "#FF0000",
      "MinValue": 0,
      "MaxValue": 100
    },
    {
      "Index": 2,
      "X": 1439.7335109926714,
      "Y": 2674.7648234510325,
      "Width": 416.0639573617591,
      "Height": 446.50766155896054,
      "MeterType": "压力表",
      "Color": "#00FF00",
      "MinValue": 0,
      "MaxValue": 100
    },
    {
      "Index": 3,
      "X": 3814.3424383744177,
      "Y": 2654.469020652898,
      "Width": 482.02531645569616,
      "Height": 456.655562958028,
      "MeterType": "压力表",
      "Color": "#0000FF",
      "MinValue": 0,
      "MaxValue": 100
    }
  ]
}